peak_label,starting_residue,ending_residue,length,rmsf_value,prominence,width_height,trial
detected_peak_1,358,364,27,5.309438191101711,5.001496204297067,2.808690088953177,abl_wt_64_128
detected_peak_1,247,248,8,2.0988298444008997,1.4688165031304994,1.36442159283565,abl_wt_128_256
detected_peak_2,358,365,30,5.919392984163737,5.548283940614761,3.145251013856357,abl_wt_128_256
detected_peak_1,358,365,29,8.981530731401127,8.551678681260897,4.705691390770679,abl_wt_256_512
detected_peak_1,246,249,11,2.189027059909981,1.5352949772932778,1.421379571263342,abl_wt_512_1024
detected_peak_2,358,364,27,9.178470224807947,8.738093146609788,4.809423651503053,abl_wt_512_1024
