,peak_label,starting_residue,ending_residue,length,rmsf_value,prominence,width_height,trial
0,detected_peak_1,159,165,27,5.309438210855143,5.001496243991311,2.8086900888594877,abl_wt_64_128
1,detected_peak_1,159,166,30,5.91939294941561,5.5482838595564665,3.145251019637377,abl_wt_128_256
2,detected_peak_1,159,166,29,8.981530806161079,8.551678765758323,4.705691423281917,abl_wt_256_512
3,detected_peak_1,159,165,27,9.178470358623562,8.738093291412202,4.809423712917461,abl_wt_512_1024
